{
   "report": "analysis",
   "version": "1.4",
   "productVersion": "24.0.0.2",
   "productRelease": "24.0.0.2",
   "buildID": "v20240522_2336",
   "options": [
      "--sourceAppServer=was90",
      "--sourceJava=ibm8",
      "--sourceJavaEE=ee7",
      "--targetAppServer=was90",
      "--targetJava=ibm8",
      "--targetJavaEE=ee7",
      "--targetCloud=containers",
      "--includeHelpLocation",
      "--maxUserDefinedRuleResults=100",
      "--userRuleLocation=/root/datacollector/transformationadvisor-3.10.0/bin/../conf/userDefinedRules",
      "--excludePackages=ch.qos,com.cloudant,com.cognos,com.fasterxml,com.filenet,com.ibatis,com.ibm,com.informix,com.lowagie,com.mchange,com.meterware,com.microsoft,com.mongodb,com.mysql,com.sun,com.sybase,filenet,freemarker,groovy,jakarta,java,javax,net,oracle,org,sqlj,sun,twitter4j,_ibmjsp"
   ],
   "totalRulesFlagged": 5,
   "filesAffected": 4,
   "totalResults": 7,
   "severitySummary": [
      {
         "severity": "Information",
         "severityId": "info",
         "totalRulesFlagged": 5,
         "totalResults": 7,
         "totalRulesFlaggedWithAutomatedFix": 0,
         "totalResultsWithAutomatedFix": 0
      }
   ],
   "applications": [
      "/opt/IBM/WebSphere/AppServer/profiles/AppSrv01/config/cells/demo-data-vm1Node01Cell/applications/CostCenter.ear/CostCenter.ear"
   ],
   "rules": [
      {
         "ruleName": "Databases",
         "ruleId": "DatabasesRule",
         "ruleHelpLocation": "/ruleinfo/appmigration/cloud/Databases.html",
         "devCost": "0",
         "instanceCost": "0",
         "severity": "Information",
         "severityId": "info",
         "recipe": null,
         "alternativeRecipes": [
         ],
         "category": "Technology connectivity considerations for IBM Cloud",
         "categoryId": "appconversion.cloud.category.technology.connectivity",
         "totalResults": 1,
         "results": [
            {
               "fileName": "CostCenter.ear/cost-center-app-1.0.0.war/WEB-INF/classes/com/acme/hr/db/CostCenterCustomerInformation.class",
               "details": [
                  {
                     "reference": "Field dataSource",
                     "match": "javax.sql",
                     "lineNumber": 0
                  }
               ]
            }
         ],
         "referencedClasses": [
            {
               "class": "java.sql.Connection",
               "total": 6
            },
            {
               "class": "java.sql.PreparedStatement",
               "total": 6
            },
            {
               "class": "java.sql.ResultSet",
               "total": 7
            },
            {
               "class": "java.sql.SQLException",
               "total": 12
            },
            {
               "class": "javax.sql.DataSource",
               "total": 3
            }
         ]
      },
      {
         "ruleName": "Java EE security",
         "ruleId": "ApplicationSecurityRule",
         "ruleHelpLocation": "/ruleinfo/appmigration/cloud/ApplicationSecurity.html",
         "devCost": "0",
         "instanceCost": "0",
         "severity": "Information",
         "severityId": "info",
         "recipe": null,
         "alternativeRecipes": [
         ],
         "category": "Technology connectivity considerations for IBM Cloud",
         "categoryId": "appconversion.cloud.category.technology.connectivity",
         "totalResults": 1,
         "results": [
            {
               "fileName": "CostCenter.ear/cost-center-app-1.0.0.war/WEB-INF/web.xml",
               "details": [
                  {
                     "reference": null,
                     "match": "security-constraint",
                     "lineNumber": 26
                  }
               ]
            }
         ]
      },
      {
         "ruleName": "Remote web services",
         "ruleId": "JAXRPCRemoteWebServicesRule",
         "ruleHelpLocation": "/ruleinfo/appmigration/cloud/RemoteWebServices.html",
         "devCost": "0",
         "instanceCost": "0",
         "severity": "Information",
         "severityId": "info",
         "recipe": null,
         "alternativeRecipes": [
         ],
         "category": "Technology connectivity considerations for IBM Cloud (WebSphere traditional)",
         "categoryId": "appconversion.cloud.category.technology.connectivity.classic",
         "totalResults": 1,
         "results": [
            {
               "fileName": "CostCenter.ear/cost-center-app-1.0.0.war/WEB-INF/classes/com/acme/hr/CostCenter.class",
               "details": [
                  {
                     "reference": "Class implements",
                     "match": "javax.xml.rpc.Service",
                     "lineNumber": 0
                  }
               ]
            }
         ]
      },
      {
         "ruleName": "Remote web services",
         "ruleId": "RemoteWebServicesRule",
         "ruleHelpLocation": "/ruleinfo/appmigration/cloud/RemoteWebServices.html",
         "devCost": "0",
         "instanceCost": "0",
         "severity": "Information",
         "severityId": "info",
         "recipe": null,
         "alternativeRecipes": [
         ],
         "category": "Technology connectivity considerations for IBM Cloud (WebSphere traditional)",
         "categoryId": "appconversion.cloud.category.technology.connectivity.classic",
         "totalResults": 1,
         "results": [
            {
               "fileName": "CostCenter.ear/cost-center-app-1.0.0.war/WEB-INF/web.xml",
               "details": [
                  {
                     "reference": null,
                     "match": "service-ref",
                     "lineNumber": 50
                  }
               ]
            }
         ]
      },
      {
         "ruleName": "Validate the URL host and port for cloud access",
         "ruleId": "URLRuleDockerCloud",
         "ruleHelpLocation": "/ruleinfo/appmigration/cloud/UrlRule.html",
         "devCost": "0",
         "instanceCost": "0",
         "severity": "Information",
         "severityId": "info",
         "recipe": null,
         "alternativeRecipes": [
         ],
         "category": "Connectivity considerations for IBM Cloud (Containers and Virtual machines)",
         "categoryId": "appconversion.cloud.category.connectivity.dockerAndWASOnCloud",
         "totalResults": 3,
         "results": [
            {
               "fileName": "CostCenter.ear/cost-center-app-1.0.0.war",
               "details": [
                  {
                     "reference": "1",
                     "match": "address.location=https://demo-data-vm1.fyre.ibm.com:9443/CostCenter/services/CostCenter",
                     "lineNumber": 0
                  },
                  {
                     "reference": "24",
                     "match": "http://hr.acme.com",
                     "lineNumber": 0
                  },
                  {
                     "reference": "4",
                     "match": "https://demo-data-vm1.fyre.ibm.com:9443/CostCenter/services/CostCenter",
                     "lineNumber": 0
                  }
               ]
            }
         ]
      }
   ]
}