{
   "report": "analysis",
   "version": "1.4",
   "productVersion": "24.0.0.2",
   "productRelease": "24.0.0.2",
   "buildID": "v20240522_2336",
   "options": [
      "--sourceAppServer=was90",
      "--sourceJava=ibm8",
      "--sourceJavaEE=ee7",
      "--targetAppServer=was90",
      "--targetJava=ibm8",
      "--targetJavaEE=ee7",
      "--targetCloud=containers",
      "--includeHelpLocation",
      "--maxUserDefinedRuleResults=100",
      "--userRuleLocation=/root/datacollector/transformationadvisor-3.10.0/bin/../conf/userDefinedRules",
      "--excludePackages=ch.qos,com.cloudant,com.cognos,com.fasterxml,com.filenet,com.ibatis,com.ibm,com.informix,com.lowagie,com.mchange,com.meterware,com.microsoft,com.mongodb,com.mysql,com.sun,com.sybase,filenet,freemarker,groovy,jakarta,java,javax,net,oracle,org,sqlj,sun,twitter4j,_ibmjsp"
   ],
   "totalRulesFlagged": 4,
   "filesAffected": 4,
   "totalResults": 8,
   "severitySummary": [
      {
         "severity": "Information",
         "severityId": "info",
         "totalRulesFlagged": 4,
         "totalResults": 8,
         "totalRulesFlaggedWithAutomatedFix": 0,
         "totalResultsWithAutomatedFix": 0
      }
   ],
   "applications": [
      "/opt/IBM/WebSphere/AppServer/profiles/AppSrv01/config/cells/demo-data-vm1Node01Cell/applications/DemoRPC.ear/DemoRPC.ear"
   ],
   "rules": [
      {
         "ruleName": "Handling application configuration in Docker containers",
         "ruleId": "DetectPropertiesFiles",
         "ruleHelpLocation": "/ruleinfo/appmigration/cloud/DetectPropertiesFiles.html",
         "devCost": "0",
         "instanceCost": "0",
         "severity": "Information",
         "severityId": "info",
         "recipe": null,
         "alternativeRecipes": [
         ],
         "category": "Containers (OpenShift, Kubernetes)",
         "categoryId": "appconversion.cloud.category.docker",
         "totalResults": 1,
         "results": [
            {
               "fileName": "DemoRPC.ear/DemoRPC-0.0.1-SNAPSHOT.war/WEB-INF/classes/application.properties",
               "details": [
                  {
                     "reference": null,
                     "match": "(.*)?\\.properties",
                     "lineNumber": 0
                  }
               ]
            }
         ]
      },
      {
         "ruleName": "Remote web services",
         "ruleId": "JAXRPCRemoteWebServicesRule",
         "ruleHelpLocation": "/ruleinfo/appmigration/cloud/RemoteWebServices.html",
         "devCost": "0",
         "instanceCost": "0",
         "severity": "Information",
         "severityId": "info",
         "recipe": null,
         "alternativeRecipes": [
         ],
         "category": "Technology connectivity considerations for IBM Cloud (WebSphere traditional)",
         "categoryId": "appconversion.cloud.category.technology.connectivity.classic",
         "totalResults": 1,
         "results": [
            {
               "fileName": "DemoRPC.ear/DemoRPC-0.0.1-SNAPSHOT.war/WEB-INF/classes/rpc/demo/DemoRPCServlet.class",
               "details": [
                  {
                     "reference": "Method createProxy",
                     "match": "javax.xml.rpc.ServiceException",
                     "lineNumber": 52
                  }
               ]
            }
         ]
      },
      {
         "ruleName": "Remote web services",
         "ruleId": "RemoteWebServicesRule",
         "ruleHelpLocation": "/ruleinfo/appmigration/cloud/RemoteWebServices.html",
         "devCost": "0",
         "instanceCost": "0",
         "severity": "Information",
         "severityId": "info",
         "recipe": null,
         "alternativeRecipes": [
         ],
         "category": "Technology connectivity considerations for IBM Cloud (WebSphere traditional)",
         "categoryId": "appconversion.cloud.category.technology.connectivity.classic",
         "totalResults": 1,
         "results": [
            {
               "fileName": "DemoRPC.ear/DemoRPC-0.0.1-SNAPSHOT.war/WEB-INF/web.xml",
               "details": [
                  {
                     "reference": null,
                     "match": "service-ref",
                     "lineNumber": 11
                  }
               ]
            }
         ]
      },
      {
         "ruleName": "Validate the URL host and port for cloud access",
         "ruleId": "URLRuleDockerCloud",
         "ruleHelpLocation": "/ruleinfo/appmigration/cloud/UrlRule.html",
         "devCost": "0",
         "instanceCost": "0",
         "severity": "Information",
         "severityId": "info",
         "recipe": null,
         "alternativeRecipes": [
         ],
         "category": "Connectivity considerations for IBM Cloud (Containers and Virtual machines)",
         "categoryId": "appconversion.cloud.category.connectivity.dockerAndWASOnCloud",
         "totalResults": 5,
         "results": [
            {
               "fileName": "DemoRPC.ear/DemoRPC-0.0.1-SNAPSHOT.war",
               "details": [
                  {
                     "reference": "1",
                     "match": "address.location=https://demo-data-vm1.fyre.ibm.com:9443/Tea/services/DemoRPC",
                     "lineNumber": 0
                  },
                  {
                     "reference": "2",
                     "match": "http://demo.rpc/",
                     "lineNumber": 0
                  },
                  {
                     "reference": "2",
                     "match": "http://websphere.ibm.com/webservices/",
                     "lineNumber": 0
                  },
                  {
                     "reference": "4",
                     "match": "https://demo-data-vm1.fyre.ibm.com:9443/Tea/services/DemoRPC",
                     "lineNumber": 0
                  },
                  {
                     "reference": "72",
                     "match": "http://demo.rpc",
                     "lineNumber": 0
                  }
               ]
            }
         ]
      }
   ]
}