<?xml version="1.0" encoding="UTF-8"?>
<server description="Configuration generated by binaryAppScanner">
    <featureManager>
        <!--The following features are available in all editions of Liberty.-->
        <feature>appSecurity-2.0</feature>
        <feature>cdi-1.2</feature>
        <feature>ejbLite-3.2</feature>
        <feature>jdbc-4.1</feature>
        <feature>jndi-1.0</feature>
        <feature>jsp-2.3</feature>
        <feature>servlet-3.1</feature>
    </featureManager>

    <!-- This configuration was migrated on 6/27/24 at 2:37:17 AM from the following location: /opt/IBM/WebSphere/AppServer/profiles/AppSrv01 -->
    <!-- The binary scanner does not support the migration of all WebSphere traditional configuration elements. Check the binary scanner documentation for the list of supported configuration elements. -->
    <!-- The following WebSphere traditional variables are used by the configuration but were not migrated: [WAS_INSTALL_ROOT]. Remove these variables from the configuration or provide each one with an appropriate definition. -->
    <applicationManager autoExpand="true"/>

    <httpEndpoint host="${httpEndpoint_host_16}" httpPort="${httpEndpoint_port_16}" httpsPort="${httpEndpoint_secure_port_16}" id="defaultHttpEndpoint"/>

    <webApplication contextRoot="/gold-tax" id="gold-tax.ear" location="gold-tax-7.2.0.war"/>

    <authData id="demo-data-vm1Node01/prod01AuthAlias" password="${demo_data_vm1Node01_prod01AuthAlias_password}" user="${demo_data_vm1Node01_prod01AuthAlias_user}"/>

    <jdbcDriver id="DB2JDBC01_demo-data-vm1Node01_JDBCProvider_1678816498564">
        <library>
            <file name="${DB2UNIVERSAL_JDBC_DRIVER_PATH}/db2jcc.jar"/>
            <file name="${UNIVERSAL_JDBC_DRIVER_PATH}/db2jcc_license_cu.jar"/>
            <file name="${DB2UNIVERSAL_JDBC_DRIVER_PATH}/db2jcc_license_cisuz.jar"/>
        </library>
    </jdbcDriver>

    <dataSource beginTranForResultSetScrollingAPIs="false" beginTranForVendorAPIs="false" containerAuthDataRef="demo-data-vm1Node01/prod01AuthAlias" id="gold-taxDs_demo-data-vm1Node01_DataSource_1701875576282" jdbcDriverRef="DB2JDBC01_demo-data-vm1Node01_JDBCProvider_1678816498564" jndiName="jdbc/gold-taxJndi" type="javax.sql.XADataSource">
        <properties.db2.jcc databaseName="${gold_taxDs_demo_data_vm1Node01_DataSource_1701875576282_databaseName}" driverType="4" portNumber="${gold_taxDs_demo_data_vm1Node01_DataSource_1701875576282_portNumber}" serverName="${gold_taxDs_demo_data_vm1Node01_DataSource_1701875576282_serverName}"/>
        <connectionManager connectionTimeout="180" enableContainerAuthForDirectLookups="true" maxPoolSize="10"/>
        <heritageSettings helperClass="com.ibm.websphere.rsadapter.DB2UniversalDataStoreHelper" replaceExceptions="true"/>
    </dataSource>

    <transaction propogatedOrBMTTranLifetimeTimeout="300"/>

    <keyStore id="NodeDefaultKeyStore_demo-data-vm1Node01Cell_KeyStore_demo-data-vm1Node01_1" location="${NodeDefaultKeyStore_demo_data_vm1Node01Cell_KeyStore_demo_data_vm1Node01_1_location}" password="${NodeDefaultKeyStore_demo_data_vm1Node01Cell_KeyStore_demo_data_vm1Node01_1_password}"/>

    <keyStore id="NodeDefaultTrustStore_demo-data-vm1Node01Cell_KeyStore_demo-data-vm1Node01_2" location="${NodeDefaultTrustStore_demo_data_vm1Node01Cell_KeyStore_demo_data_vm1Node01_2_location}" password="${NodeDefaultTrustStore_demo_data_vm1Node01Cell_KeyStore_demo_data_vm1Node01_2_password}"/>

    <ssl id="NodeDefaultSSLSettings_demo-data-vm1Node01Cell_SSLConfig_demo-data-vm1Node01_1" keyStoreRef="NodeDefaultKeyStore_demo-data-vm1Node01Cell_KeyStore_demo-data-vm1Node01_1" sslProtocol="${NodeDefaultSSLSettings_demo_data_vm1Node01Cell_SSLConfig_demo_data_vm1Node01_1_sslProtocol}" trustStoreRef="NodeDefaultTrustStore_demo-data-vm1Node01Cell_KeyStore_demo-data-vm1Node01_2"/>

    <sslDefault sslRef="NodeDefaultSSLSettings_demo-data-vm1Node01Cell_SSLConfig_demo-data-vm1Node01_1"/>

    <!-- The following variables, which often differ between environments, have been extracted from the migrated configuration to allow for easy substitution. -->
    <variable name="DB2UNIVERSAL_JDBC_DRIVER_PATH" defaultValue="/opt/IBM/WebSphere/AppServer/deploytool/itp/plugins/com.ibm.datatools.db2_2.2.200.v20150728_2354/driver"/>
    <variable name="gold_taxDs_demo_data_vm1Node01_DataSource_1701875576282_databaseName" defaultValue="PROD01"/>
    <variable name="gold_taxDs_demo_data_vm1Node01_DataSource_1701875576282_portNumber" defaultValue="50000"/>
    <variable name="gold_taxDs_demo_data_vm1Node01_DataSource_1701875576282_serverName" defaultValue="localhost"/>
    <variable name="httpEndpoint_host_16" defaultValue="*"/>
    <variable name="httpEndpoint_port_16" defaultValue="9080"/>
    <variable name="httpEndpoint_secure_port_16" defaultValue="9443"/>
    <variable name="NodeDefaultKeyStore_demo_data_vm1Node01Cell_KeyStore_demo_data_vm1Node01_1_location" defaultValue="gold-tax_ear_demo-data-vm1Node01_NodeDefaultKeyStore_key.p12"/>
    <variable name="NodeDefaultSSLSettings_demo_data_vm1Node01Cell_SSLConfig_demo_data_vm1Node01_1_sslProtocol" defaultValue="TLS"/>
    <variable name="NodeDefaultTrustStore_demo_data_vm1Node01Cell_KeyStore_demo_data_vm1Node01_2_location" defaultValue="gold-tax_ear_demo-data-vm1Node01_NodeDefaultTrustStore_trust.p12"/>
    <variable name="UNIVERSAL_JDBC_DRIVER_PATH" defaultValue="${WAS_INSTALL_ROOT}/universalDriver/lib"/>

    <!-- The following variables are used to replace sensitive data in the server.xml file for the application.
         The values for these variables were not collected because the includeSensitiveData option was not specified.
    -->
    <variable name="demo_data_vm1Node01_prod01AuthAlias_password" defaultValue=""/>
    <variable name="demo_data_vm1Node01_prod01AuthAlias_user" defaultValue=""/>
    <variable name="NodeDefaultKeyStore_demo_data_vm1Node01Cell_KeyStore_demo_data_vm1Node01_1_password" defaultValue=""/>
    <variable name="NodeDefaultTrustStore_demo_data_vm1Node01Cell_KeyStore_demo_data_vm1Node01_2_password" defaultValue=""/>
</server>
