{
   "report": "analysis",
   "version": "1.4",
   "productVersion": "24.0.0.2",
   "productRelease": "24.0.0.2",
   "buildID": "v20240522_2336",
   "options": [
      "--sourceAppServer=was90",
      "--sourceJava=ibm8",
      "--sourceJavaEE=ee7",
      "--targetAppServer=liberty",
      "--targetJava=ibm8",
      "--targetCloud=containers",
      "--includeHelpLocation",
      "--maxUserDefinedRuleResults=100",
      "--userRuleLocation=/root/datacollector/transformationadvisor-3.10.0/bin/../conf/userDefinedRules",
      "--excludePackages=ch.qos,com.cloudant,com.cognos,com.fasterxml,com.filenet,com.ibatis,com.ibm,com.informix,com.lowagie,com.mchange,com.meterware,com.microsoft,com.mongodb,com.mysql,com.sun,com.sybase,filenet,freemarker,groovy,jakarta,java,javax,net,oracle,org,sqlj,sun,twitter4j,_ibmjsp"
   ],
   "totalRulesFlagged": 7,
   "filesAffected": 8,
   "totalResults": 9,
   "severitySummary": [
      {
         "severity": "Critical",
         "severityId": "severe",
         "totalRulesFlagged": 2,
         "totalResults": 3,
         "totalRulesFlaggedWithAutomatedFix": 2,
         "totalResultsWithAutomatedFix": 3
      },
      {
         "severity": "Warning",
         "severityId": "warning",
         "totalRulesFlagged": 1,
         "totalResults": 1,
         "totalRulesFlaggedWithAutomatedFix": 0,
         "totalResultsWithAutomatedFix": 0
      },
      {
         "severity": "Information",
         "severityId": "info",
         "totalRulesFlagged": 4,
         "totalResults": 5,
         "totalRulesFlaggedWithAutomatedFix": 0,
         "totalResultsWithAutomatedFix": 0
      }
   ],
   "applications": [
      "/opt/IBM/WebSphere/AppServer/profiles/AppSrv01/config/cells/demo-data-vm1Node01Cell/applications/ModResortsMBean.ear/ModResortsMBean.ear"
   ],
   "rules": [
      {
         "ruleName": "Avoid using the deprecated WSSecurityHelper revokeSSOCookies and getLTPACookieFromSSOToken methods ",
         "ruleId": "WebSphereUnavailableSSOMethods",
         "ruleHelpLocation": "/ruleinfo/appconversion/was2was/deprecation85/WSSecurityHelperUnavailableSSOMethods.html",
         "devCost": "0.25",
         "instanceCost": "0.1",
         "severity": "Critical",
         "severityId": "severe",
         "recipe": "org.openrewrite.java.liberty.WebSphereUnavailableSSOMethods",
         "alternativeRecipes": [
         ],
         "category": "WebSphere traditional to Liberty",
         "categoryId": "appconversion.was2liberty.category",
         "totalResults": 1,
         "results": [
            {
               "fileName": "ModResortsMBean.ear/modresorts-2.0.0.war/WEB-INF/classes/com/acme/modres/LogoutServlet.class",
               "details": [
                  {
                     "reference": "Method doGet",
                     "match": "com.ibm.websphere.security.WSSecurityHelper.revokeSSOCookies(javax.servlet.http.HttpServletRequest,javax.servlet.http.HttpServletResponse)",
                     "lineNumber": 21
                  }
               ]
            }
         ]
      },
      {
         "ruleName": "Databases",
         "ruleId": "DatabasesRule",
         "ruleHelpLocation": "/ruleinfo/appmigration/cloud/Databases.html",
         "devCost": "0",
         "instanceCost": "0",
         "severity": "Information",
         "severityId": "info",
         "recipe": null,
         "alternativeRecipes": [
         ],
         "category": "Technology connectivity considerations for IBM Cloud",
         "categoryId": "appconversion.cloud.category.technology.connectivity",
         "totalResults": 2,
         "results": [
            {
               "fileName": "ModResortsMBean.ear/modresorts-2.0.0.war/WEB-INF/classes/com/acme/modres/db/ModResortsMBeanCustomerInformation.class",
               "details": [
                  {
                     "reference": "Field dataSource",
                     "match": "javax.sql",
                     "lineNumber": 0
                  }
               ]
            },
            {
               "fileName": "ModResortsMBean.ear/modresorts-2.0.0.war/WEB-INF/lib/gson-2.10.1.jar/com/google/gson/internal/sql/SqlDateTypeAdapter$1.class",
               "details": [
                  {
                     "reference": "Method create",
                     "match": "java.sql",
                     "lineNumber": 43
                  }
               ]
            }
         ],
         "referencedClasses": [
            {
               "class": "java.sql.Connection",
               "total": 6
            },
            {
               "class": "java.sql.Date",
               "total": 15
            },
            {
               "class": "java.sql.PreparedStatement",
               "total": 6
            },
            {
               "class": "java.sql.ResultSet",
               "total": 7
            },
            {
               "class": "java.sql.SQLException",
               "total": 12
            },
            {
               "class": "java.sql.Time",
               "total": 9
            },
            {
               "class": "java.sql.Timestamp",
               "total": 15
            },
            {
               "class": "javax.sql.DataSource",
               "total": 3
            }
         ]
      },
      {
         "ruleName": "Getting the server name on Liberty",
         "ruleId": "ServerName",
         "ruleHelpLocation": "/ruleinfo/appconversion/was2liberty/ServerName.html",
         "devCost": "0.1",
         "instanceCost": "0.1",
         "severity": "Critical",
         "severityId": "severe",
         "recipe": "org.openrewrite.java.liberty.ServerName",
         "alternativeRecipes": [
         ],
         "category": "WebSphere traditional to Liberty",
         "categoryId": "appconversion.was2liberty.category",
         "totalResults": 2,
         "results": [
            {
               "fileName": "ModResortsMBean.ear/modresorts-2.0.0.war/WEB-INF/classes/com/acme/modres/WeatherServlet.class",
               "details": [
                  {
                     "reference": "Method configureEnvDiscovery",
                     "match": "com.ibm.websphere.runtime.ServerName.getDisplayName(*)",
                     "lineNumber": 248
                  },
                  {
                     "reference": "Method configureEnvDiscovery",
                     "match": "com.ibm.websphere.runtime.ServerName.getFullName(*)",
                     "lineNumber": 249
                  }
               ]
            }
         ]
      },
      {
         "ruleName": "Java EE security",
         "ruleId": "ApplicationSecurityRule",
         "ruleHelpLocation": "/ruleinfo/appmigration/cloud/ApplicationSecurity.html",
         "devCost": "0",
         "instanceCost": "0",
         "severity": "Information",
         "severityId": "info",
         "recipe": null,
         "alternativeRecipes": [
         ],
         "category": "Technology connectivity considerations for IBM Cloud",
         "categoryId": "appconversion.cloud.category.technology.connectivity",
         "totalResults": 1,
         "results": [
            {
               "fileName": "ModResortsMBean.ear/modresorts-2.0.0.war/WEB-INF/web.xml",
               "details": [
                  {
                     "reference": null,
                     "match": "security-constraint",
                     "lineNumber": 18
                  }
               ]
            }
         ]
      },
      {
         "ruleName": "Managing data inside and between Docker containers",
         "ruleId": "FileSystemRule",
         "ruleHelpLocation": "/ruleinfo/appmigration/cloud/FileSystemRule.html",
         "devCost": "0",
         "instanceCost": "0",
         "severity": "Information",
         "severityId": "info",
         "recipe": null,
         "alternativeRecipes": [
         ],
         "category": "Containers (OpenShift, Kubernetes)",
         "categoryId": "appconversion.cloud.category.docker",
         "totalResults": 1,
         "results": [
            {
               "fileName": "ModResortsMBean.ear/modresorts-2.0.0.war/WEB-INF/lib/lombok-1.18.30.jar/lombok/javac/apt/Processor.class",
               "details": [
                  {
                     "reference": "Method writeFile",
                     "match": "java.io.FileOutputStream",
                     "lineNumber": 86
                  }
               ]
            }
         ]
      },
      {
         "ruleName": "Validate the URL host and port for cloud access",
         "ruleId": "URLRuleDockerCloud",
         "ruleHelpLocation": "/ruleinfo/appmigration/cloud/UrlRule.html",
         "devCost": "0",
         "instanceCost": "0",
         "severity": "Information",
         "severityId": "info",
         "recipe": null,
         "alternativeRecipes": [
         ],
         "category": "Connectivity considerations for IBM Cloud (Containers and Virtual machines)",
         "categoryId": "appconversion.cloud.category.connectivity.dockerAndWASOnCloud",
         "totalResults": 1,
         "results": [
            {
               "fileName": "ModResortsMBean.ear/modresorts-2.0.0.war",
               "details": [
                  {
                     "reference": "2",
                     "match": "http://api.wunderground.com/api/",
                     "lineNumber": 0
                  }
               ]
            }
         ]
      },
      {
         "ruleName": "org.apache third-party APIs are unavailable on Liberty",
         "ruleId": "HiddenThirdPartyAPIInUseApache",
         "ruleHelpLocation": "/ruleinfo/appconversion/was2liberty/HiddenThirdPartyAPIInUseRule.html",
         "devCost": "0",
         "instanceCost": "0",
         "severity": "Warning",
         "severityId": "warning",
         "recipe": null,
         "alternativeRecipes": [
         ],
         "category": "WebSphere traditional to Liberty",
         "categoryId": "appconversion.was2liberty.category",
         "totalResults": 1,
         "results": [
            {
               "fileName": "ModResortsMBean.ear/modresorts-2.0.0.war/WEB-INF/lib/lombok-1.18.30.jar/lombok/delombok/ant/Tasks$Delombok.class",
               "details": [
                  {
                     "reference": "Constructor",
                     "match": "org.apache.tools.ant",
                     "lineNumber": 75
                  }
               ]
            }
         ],
         "referencedClasses": [
            {
               "class": "org.apache.tools.ant.BuildException",
               "total": 3
            },
            {
               "class": "org.apache.tools.ant.Location",
               "total": 3
            },
            {
               "class": "org.apache.tools.ant.Project",
               "total": 8
            },
            {
               "class": "org.apache.tools.ant.Task",
               "total": 1
            },
            {
               "class": "org.apache.tools.ant.types.FileSet",
               "total": 1
            },
            {
               "class": "org.apache.tools.ant.types.Path",
               "total": 58
            },
            {
               "class": "org.apache.tools.ant.types.Reference",
               "total": 6
            },
            {
               "class": "org.apache.tools.ant.types.ResourceCollection",
               "total": 1
            }
         ]
      }
   ],
   "automatedFixConfig": {
      "rewriteMavenPlugin": {
         "groupId": "org.openrewrite.maven",
         "artifactId": "rewrite-maven-plugin",
         "version": "5.32.0"
      },
      "rewriteGradlePlugin": {
         "package": "org.openrewrite.rewrite",
         "version": "6.15.0"
      },
      "activeRecipes": [
         "org.openrewrite.java.liberty.WebSphereUnavailableSSOMethods",
         "org.openrewrite.java.liberty.ServerName"
      ],
      "dependencies": [
         {
            "groupId": "org.openrewrite.recipe",
            "artifactId": "rewrite-migrate-java",
            "version": "2.15.0"
         },
         {
            "groupId": "org.openrewrite.recipe",
            "artifactId": "rewrite-liberty",
            "version": "1.4.1"
         }
      ]
   }
}