{
   "report": "analysis",
   "version": "1.4",
   "productVersion": "24.0.0.2",
   "productRelease": "24.0.0.2",
   "buildID": "v20240522_2336",
   "options": [
      "--sourceAppServer=was90",
      "--sourceJava=ibm8",
      "--sourceJavaEE=ee7",
      "--targetAppServer=liberty",
      "--targetJava=ibm8",
      "--targetCloud=containers",
      "--includeHelpLocation",
      "--maxUserDefinedRuleResults=100",
      "--userRuleLocation=/root/datacollector/transformationadvisor-3.10.0/bin/../conf/userDefinedRules",
      "--excludePackages=ch.qos,com.cloudant,com.cognos,com.fasterxml,com.filenet,com.ibatis,com.ibm,com.informix,com.lowagie,com.mchange,com.meterware,com.microsoft,com.mongodb,com.mysql,com.sun,com.sybase,filenet,freemarker,groovy,jakarta,java,javax,net,oracle,org,sqlj,sun,twitter4j,_ibmjsp"
   ],
   "totalRulesFlagged": 9,
   "filesAffected": 9,
   "totalResults": 15,
   "severitySummary": [
      {
         "severity": "Critical",
         "severityId": "severe",
         "totalRulesFlagged": 4,
         "totalResults": 6,
         "totalRulesFlaggedWithAutomatedFix": 3,
         "totalResultsWithAutomatedFix": 5
      },
      {
         "severity": "Information",
         "severityId": "info",
         "totalRulesFlagged": 5,
         "totalResults": 9,
         "totalRulesFlaggedWithAutomatedFix": 0,
         "totalResultsWithAutomatedFix": 0
      }
   ],
   "applications": [
      "/opt/IBM/WebSphere/AppServer/profiles/AppSrv01/config/cells/demo-data-vm1Node01Cell/applications/ModResorts.ear/ModResorts.ear"
   ],
   "rules": [
      {
         "ruleName": "Avoid using the deprecated WSSecurityHelper revokeSSOCookies and getLTPACookieFromSSOToken methods ",
         "ruleId": "WebSphereUnavailableSSOMethods",
         "ruleHelpLocation": "/ruleinfo/appconversion/was2was/deprecation85/WSSecurityHelperUnavailableSSOMethods.html",
         "devCost": "0.25",
         "instanceCost": "0.1",
         "severity": "Critical",
         "severityId": "severe",
         "recipe": "org.openrewrite.java.liberty.WebSphereUnavailableSSOMethods",
         "alternativeRecipes": [
         ],
         "category": "WebSphere traditional to Liberty",
         "categoryId": "appconversion.was2liberty.category",
         "totalResults": 1,
         "results": [
            {
               "fileName": "ModResorts.ear/modresorts-2.0.0.war/WEB-INF/classes/com/acme/modres/LogoutServlet.class",
               "details": [
                  {
                     "reference": "Method doGet",
                     "match": "com.ibm.websphere.security.WSSecurityHelper.revokeSSOCookies(javax.servlet.http.HttpServletRequest,javax.servlet.http.HttpServletResponse)",
                     "lineNumber": 21
                  }
               ]
            }
         ]
      },
      {
         "ruleName": "Databases",
         "ruleId": "DatabasesRule",
         "ruleHelpLocation": "/ruleinfo/appmigration/cloud/Databases.html",
         "devCost": "0",
         "instanceCost": "0",
         "severity": "Information",
         "severityId": "info",
         "recipe": null,
         "alternativeRecipes": [
         ],
         "category": "Technology connectivity considerations for IBM Cloud",
         "categoryId": "appconversion.cloud.category.technology.connectivity",
         "totalResults": 2,
         "results": [
            {
               "fileName": "ModResorts.ear/modresorts-2.0.0.war/WEB-INF/classes/com/acme/modres/db/ModResortsCustomerInformation.class",
               "details": [
                  {
                     "reference": "Field dataSource",
                     "match": "javax.sql",
                     "lineNumber": 0
                  }
               ]
            },
            {
               "fileName": "ModResorts.ear/modresorts-2.0.0.war/WEB-INF/lib/gson-2.10.1.jar/com/google/gson/internal/sql/SqlDateTypeAdapter$1.class",
               "details": [
                  {
                     "reference": "Method create",
                     "match": "java.sql",
                     "lineNumber": 43
                  }
               ]
            }
         ],
         "referencedClasses": [
            {
               "class": "java.sql.Connection",
               "total": 6
            },
            {
               "class": "java.sql.Date",
               "total": 15
            },
            {
               "class": "java.sql.PreparedStatement",
               "total": 6
            },
            {
               "class": "java.sql.ResultSet",
               "total": 7
            },
            {
               "class": "java.sql.SQLException",
               "total": 12
            },
            {
               "class": "java.sql.Time",
               "total": 9
            },
            {
               "class": "java.sql.Timestamp",
               "total": 15
            },
            {
               "class": "javax.sql.DataSource",
               "total": 3
            }
         ]
      },
      {
         "ruleName": "Do not start unmanaged threads within the web or EJB container",
         "ruleId": "CreateThreadMethodsInWebOrEjbProject",
         "ruleHelpLocation": "/ruleinfo/appconversion/allservers/BehaviorCreateThread.html",
         "devCost": "0",
         "instanceCost": "0",
         "severity": "Information",
         "severityId": "info",
         "recipe": null,
         "alternativeRecipes": [
         ],
         "category": "All application servers",
         "categoryId": "com.ibm.ws.appconversion.all.category",
         "totalResults": 1,
         "results": [
            {
               "fileName": "ModResorts.ear/modresorts-2.0.0.war/WEB-INF/classes/com/acme/modres/AvailabilityCheckerServlet.class",
               "details": [
                  {
                     "reference": "Method doGet",
                     "match": "java.lang.Thread.start(*)",
                     "lineNumber": 61
                  }
               ]
            }
         ]
      },
      {
         "ruleName": "Getting the server name on Liberty",
         "ruleId": "ServerName",
         "ruleHelpLocation": "/ruleinfo/appconversion/was2liberty/ServerName.html",
         "devCost": "0.1",
         "instanceCost": "0.1",
         "severity": "Critical",
         "severityId": "severe",
         "recipe": "org.openrewrite.java.liberty.ServerName",
         "alternativeRecipes": [
         ],
         "category": "WebSphere traditional to Liberty",
         "categoryId": "appconversion.was2liberty.category",
         "totalResults": 2,
         "results": [
            {
               "fileName": "ModResorts.ear/modresorts-2.0.0.war/WEB-INF/classes/com/acme/modres/WeatherServlet.class",
               "details": [
                  {
                     "reference": "Method configureEnvDiscovery",
                     "match": "com.ibm.websphere.runtime.ServerName.getDisplayName(*)",
                     "lineNumber": 257
                  },
                  {
                     "reference": "Method configureEnvDiscovery",
                     "match": "com.ibm.websphere.runtime.ServerName.getFullName(*)",
                     "lineNumber": 258
                  }
               ]
            }
         ]
      },
      {
         "ruleName": "Java EE security",
         "ruleId": "ApplicationSecurityRule",
         "ruleHelpLocation": "/ruleinfo/appmigration/cloud/ApplicationSecurity.html",
         "devCost": "0",
         "instanceCost": "0",
         "severity": "Information",
         "severityId": "info",
         "recipe": null,
         "alternativeRecipes": [
         ],
         "category": "Technology connectivity considerations for IBM Cloud",
         "categoryId": "appconversion.cloud.category.technology.connectivity",
         "totalResults": 1,
         "results": [
            {
               "fileName": "ModResorts.ear/modresorts-2.0.0.war/WEB-INF/web.xml",
               "details": [
                  {
                     "reference": null,
                     "match": "auth-method",
                     "lineNumber": 80
                  }
               ]
            }
         ]
      },
      {
         "ruleName": "Managing data inside and between Docker containers",
         "ruleId": "FileSystemRule",
         "ruleHelpLocation": "/ruleinfo/appmigration/cloud/FileSystemRule.html",
         "devCost": "0",
         "instanceCost": "0",
         "severity": "Information",
         "severityId": "info",
         "recipe": null,
         "alternativeRecipes": [
         ],
         "category": "Containers (OpenShift, Kubernetes)",
         "categoryId": "appconversion.cloud.category.docker",
         "totalResults": 4,
         "results": [
            {
               "fileName": "ModResorts.ear/modresorts-2.0.0.war/WEB-INF/classes/com/acme/modres/AvailabilityCheckerServlet.class",
               "details": [
                  {
                     "reference": "Method exportRevervations",
                     "match": "java.io.FileOutputStream",
                     "lineNumber": 97
                  },
                  {
                     "reference": "Method exportRevervations",
                     "match": "java.io.FileOutputStream",
                     "lineNumber": 112
                  },
                  {
                     "reference": "Method exportRevervations",
                     "match": "java.io.FileOutputStream",
                     "lineNumber": 129
                  }
               ]
            },
            {
               "fileName": "ModResorts.ear/modresorts-2.0.0.war/WEB-INF/classes/com/acme/modres/mbean/IOUtils.class",
               "details": [
                  {
                     "reference": "Method getFileFromRelativePath",
                     "match": "java.io.FileOutputStream",
                     "lineNumber": 24
                  }
               ]
            }
         ]
      },
      {
         "ruleName": "The WebSphere Servlet API was superseded by a newer implementation",
         "ruleId": "WebSphereServletRule",
         "ruleHelpLocation": "/ruleinfo/appconversion/was2liberty/WebSphereServletRule.html",
         "devCost": "1",
         "instanceCost": "0.1",
         "severity": "Critical",
         "severityId": "severe",
         "recipe": null,
         "alternativeRecipes": [
         ],
         "category": "WebSphere traditional to Liberty",
         "categoryId": "appconversion.was2liberty.category",
         "totalResults": 1,
         "results": [
            {
               "fileName": "ModResorts.ear/modresorts-2.0.0.war/WEB-INF/classes/com/acme/modres/UpperServlet.class",
               "details": [
                  {
                     "reference": "Method doGet",
                     "match": "com.ibm.websphere.servlet.response.ResponseUtils",
                     "lineNumber": 29
                  }
               ]
            }
         ]
      },
      {
         "ruleName": "Use the default InitialContext JNDI properties",
         "ruleId": "RemoveWas2LibertyNonPortableJndiLookup",
         "ruleHelpLocation": "/ruleinfo/appconversion/was2liberty/InitialContext.html",
         "devCost": "1",
         "instanceCost": "0.1",
         "severity": "Critical",
         "severityId": "severe",
         "recipe": "org.openrewrite.java.liberty.RemoveWas2LibertyNonPortableJndiLookup",
         "alternativeRecipes": [
         ],
         "category": "WebSphere traditional to Liberty",
         "categoryId": "appconversion.was2liberty.category",
         "totalResults": 2,
         "results": [
            {
               "fileName": "ModResorts.ear/modresorts-2.0.0.war/WEB-INF/classes/com/acme/modres/WeatherServlet.class",
               "details": [
                  {
                     "reference": "Method setInitialContextProps",
                     "match": "java.util.Hashtable.put(\"java.naming.factory.initial\",\"com.ibm.websphere.naming.WsnInitialContextFactory\")",
                     "lineNumber": 267
                  },
                  {
                     "reference": "Method setInitialContextProps",
                     "match": "java.util.Hashtable.put(\"java.naming.provider.url\",\"corbaloc:iiop:localhost:2809\")",
                     "lineNumber": 268
                  }
               ]
            }
         ]
      },
      {
         "ruleName": "Validate the URL host and port for cloud access",
         "ruleId": "URLRuleDockerCloud",
         "ruleHelpLocation": "/ruleinfo/appmigration/cloud/UrlRule.html",
         "devCost": "0",
         "instanceCost": "0",
         "severity": "Information",
         "severityId": "info",
         "recipe": null,
         "alternativeRecipes": [
         ],
         "category": "Connectivity considerations for IBM Cloud (Containers and Virtual machines)",
         "categoryId": "appconversion.cloud.category.connectivity.dockerAndWASOnCloud",
         "totalResults": 1,
         "results": [
            {
               "fileName": "ModResorts.ear/modresorts-2.0.0.war",
               "details": [
                  {
                     "reference": "2",
                     "match": "http://api.wunderground.com/api/",
                     "lineNumber": 0
                  }
               ]
            }
         ]
      }
   ],
   "automatedFixConfig": {
      "rewriteMavenPlugin": {
         "groupId": "org.openrewrite.maven",
         "artifactId": "rewrite-maven-plugin",
         "version": "5.32.0"
      },
      "rewriteGradlePlugin": {
         "package": "org.openrewrite.rewrite",
         "version": "6.15.0"
      },
      "activeRecipes": [
         "org.openrewrite.java.liberty.RemoveWas2LibertyNonPortableJndiLookup",
         "org.openrewrite.java.liberty.WebSphereUnavailableSSOMethods",
         "org.openrewrite.java.liberty.ServerName"
      ],
      "dependencies": [
         {
            "groupId": "org.openrewrite.recipe",
            "artifactId": "rewrite-migrate-java",
            "version": "2.15.0"
         },
         {
            "groupId": "org.openrewrite.recipe",
            "artifactId": "rewrite-liberty",
            "version": "1.4.1"
         }
      ]
   }
}